2024-07-04 10:19:43,—“¿¡: 0.000 kg
2024-07-04 10:19:43,—“¿¡: 0.000 kg
2024-07-04 10:19:43,—“¿¡: 0.000 kg
2024-07-04 10:19:43,—“¿¡: 0.000 kg
2024-07-04 10:19:43,—“¿¡: 0.000 kg
2024-07-04 10:19:44,—“¿¡: 0.000 kg
2024-07-04 10:19:44,—“¿¡: 0.000 kg
2024-07-04 10:19:44,—“¿¡: 0.000 kg
2024-07-04 10:19:44,—“¿¡: 0.000 kg
2024-07-04 10:19:44,—“¿¡: 0.000 kg
2024-07-04 10:19:44,—“¿¡: 0.000 kg
2024-07-04 10:19:44,—“¿¡: 0.000 kg
2024-07-04 10:19:44,—“¿¡: 0.000 kg
2024-07-04 10:19:44,—“¿¡: 0.000 kg
2024-07-04 10:19:44,—“¿¡: 0.000 kg
2024-07-04 10:19:45,—“¿¡: 0.000 kg
2024-07-04 10:19:45,—“¿¡: 0.000 kg
2024-07-04 10:19:45,—“¿¡: 0.000 kg
2024-07-04 10:19:45,—“¿¡: 0.000 kg
2024-07-04 10:19:45,—“¿¡: 0.000 kg
2024-07-04 10:19:45,—“¿¡: 0.000 kg
2024-07-04 10:19:45,—“¿¡: 0.000 kg
2024-07-04 10:19:45,—“¿¡: 0.000 kg
2024-07-04 10:19:45,—“¿¡: 0.000 kg
2024-07-04 10:19:45,—“¿¡: 0.000 kg
2024-07-04 10:19:46,—“¿¡: 0.000 kg
2024-07-04 10:19:46,—“¿¡: 0.000 kg
2024-07-04 10:19:46,—“¿¡: 0.000 kg
2024-07-04 10:19:46,—“¿¡: 0.000 kg
2024-07-04 10:19:47,—“¿¡: 0.000 kg
2024-07-04 10:19:47,—“¿¡: 0.000 kg
2024-07-04 10:19:47,—“¿¡: 0.000 kg
2024-07-04 10:19:47,—“¿¡: 0.000 kg
2024-07-04 10:19:47,—“¿¡: 0.000 kg
2024-07-04 10:19:47,—“¿¡: 0.000 kg
2024-07-04 10:19:47,—“¿¡: 0.000 kg
2024-07-04 10:19:48,—“¿¡: 0.000 kg
2024-07-04 10:19:48,—“¿¡: 0.000 kg
